"COMID","SITE_ID","UID","UNIQUE_ID","DSGN_CYCLE","VISIT_NO","LAT_DD83","LON_DD83","PSTL_CODE","DATE_COL","INDEX_NLA","INDXSAMP_CHLA","CHLA_MDL","CHLA_RESULT","CHLA_RL","CHLA_QA_FLAG","B_G_DENS","INDXSAMP_MICR","MICX_MDL","MICX_RESULT","MICX_RL","MICX_NARS_FLAG","mag_raw","mag_norm","n_pixels"
11646,"NLA12_CO-103",8505,"NLA_CO-10035",2012,1,40.43632395,-105.0336532,"CO","9/12/2012","Y",NA,0.5,4.768,1,NA,630.1445,NA,0.1,NA,0.15,"ND",0.00107019427890907,0.00069947338490789,17
11646,"NLA06608-1403",2008300,"NLA_CO-10035",2007,1,40.43632395,-105.0336532,"CO","7/2/2007",NA,"Y",NA,1.925,3,"H",1030.503026,"Y",0.1,NA,NA,"ND",0.00107019427890907,0.00069947338490789,17
253350,"NLA06608-1804",2008443,"NLA_OK-10059",2007,1,35.5635129,-97.5946966,"OK","6/27/2007",NA,"Y",NA,25.47,3,"H",3411.113133,"Y",NA,0.37,NA,NA,0.0714902275728381,0.014442470216735,55
389774,"NLA06608-4056",2008666,"NLA_OK-10077",2007,1,36.11465874,-98.59889361,"OK","7/5/2007",NA,"Y",NA,8.08,3,NA,3649.144094,"Y",0.1,NA,NA,"ND",0.832524250249343,0.0513903858178607,180
389774,"NLA12_OK-106",7028,"NLA_OK-10077",2012,1,36.11465874,-98.59889361,"OK","7/9/2012","Y",NA,NA,26.8,0.1,NA,498270.7861,NA,0.1,0.20405,0.15,NA,0.832524250249343,0.0513903858178607,180
399680,"NLA12_OK-107",7959,"NLA_OK-10011",2012,1,35.75411523,-94.91494418,"OK","8/14/2012","Y",NA,NA,10.3,0.1,NA,10049.8225,NA,0.1,0.15469,0.15,NA,0.00753785809538632,0.00103399973873612,81
402142,"NLA06608-0332",2007744,"NLA_OK-10011",2007,1,35.75411523,-94.91494418,"OK","9/4/2007",NA,"Y",NA,6.444,3,NA,7018.271605,"Y",0.1,NA,NA,"ND",0.00424128295682549,0.001024464482325,46
681831,"NLA06608-1372",2008283,"NLA_OK-10045",2007,1,35.19672054,-98.48298246,"OK","9/17/2007",NA,"Y",NA,62.64,3,NA,13781.33333,"Y",0.1,NA,NA,"ND",0.0361031382564078,0.011461313732193,35
681831,"NLA12_OK-102",8462,"NLA_OK-10045",2012,1,35.19672054,-98.48298246,"OK","9/4/2012","Y",NA,NA,40.5,0.1,NA,164979.8039,NA,0.1,0.35011,0.15,NA,0.0361031382564078,0.011461313732193,35
723898,"NLA06608-0401",2007781,"NLA_ME-10026",2007,1,47.17249324,-68.24525882,"ME","8/27/2007",NA,"Y",NA,16.16,3,NA,9113.472922,"Y",NA,0.43,NA,NA,0.0982042317799946,0.010010625054026,109
723898,"NLA12_ME-108",8407,"NLA_ME-10026",2012,1,47.17249324,-68.24525882,"ME","9/5/2012","Y",NA,0.5,5.662857143,1,NA,1160.8746,NA,0.1,0.13042,0.15,"L",0.0982042317799946,0.010010625054026,109
914071,"NLA06608-0228",2007683,"NLA_CO-10007",2007,1,38.0621971,-103.6093941,"CO","6/26/2007",NA,"Y",NA,1.429,3,"H",567.7165275,"Y",0.1,NA,NA,"ND",0.0375393463346545,0.0695173080271379,6
916247,"NLA06608-1748",2008425,"NLA_CO-10046",2007,1,39.2710843,-106.3934507,"CO","7/31/2007",NA,"Y",NA,1.035,3,"H",0,"Y",0.1,NA,NA,"ND",0.00466081663118953,0.0034524567638441,15
916363,"NLA06608-0596",2007889,"NLA_CO-10019",2007,1,39.0798636,-106.3650807,"CO","7/30/2007",NA,"Y",NA,0.986,3,"H",19.05205363,"Y",0.1,NA,NA,"ND",0.00070885323220802,0.00131269117075559,6
1010832,"NLA06608-1560",2008360,"NLA_TX-10048",2007,1,32.81786479,-94.66358144,"TX","8/21/2007",NA,"Y",NA,27.467,3,NA,14546.96296,"Y",NA,0.24,NA,NA,0.280122264225771,0.00836685377018432,372
1010832,"NLA12_TX-113",7640,"NLA_TX-10048",2012,1,32.81786479,-94.66358144,"TX","8/2/2012","Y",NA,0.5,40.64,1,NA,218168.0385,NA,0.1,0.15668,0.15,NA,0.280122264225771,0.00836685377018432,372
1127701,"NLA06608-TX:30",2008913,"NLA_TX-10008",2007,1,33.24998,-94.33242,"TX","9/18/2007",NA,"Y",NA,80.1,3,NA,48808.88889,"Y",0.1,NA,NA,"ND",1.00990005762054,0.0212119314770121,529
1259469,"NLA12_TX-114",7483,"NLA_TX-10076",2012,1,32.83672651,-96.71957959,"TX","7/26/2012","Y",NA,0.5,57,1,NA,11877.8081,NA,0.1,0.12108,0.15,"L",0.0151335016678728,0.0210187523164901,8
1259469,"NLA06608-2696",2008605,"NLA_TX-10076",2007,1,32.83672651,-96.71957959,"TX","7/26/2007",NA,"Y",NA,41.76,3,NA,19084.44444,"Y",NA,0.21,NA,NA,0.0151335016678728,0.0210187523164901,8
1291638,"NLA06608-0456",2007809,"NLA_TX-10020",2007,1,33.063257,-96.4758381,"TX","8/9/2007",NA,"Y",NA,25.098,3,NA,22315.85185,"Y",NA,0.26,NA,NA,1.88782063179915,0.0485550574022414,432
1371518,"NLA06608-0927",2008067,"NLA_UT-10022",2007,1,40.19467613,-109.6740598,"UT","8/15/2007",NA,"Y",NA,2.715,3,NA,1948.052692,"Y",0.1,NA,NA,"ND",0.00136709423163252,0.000690451632137637,22
1454297,"NLA12_TX-121",6586,"NLA_TX-10101",2012,1,31.7872742,-96.06449217,"TX","6/13/2012","Y",NA,0.5,40.8,1,NA,311236.5907,NA,0.1,0.12266,0.15,"L",0.0772979321454481,0.0408983767965334,21
1594371,"NLA06608-0864",2008032,"NLA_CO-10028",2007,1,38.30009665,-102.7612671,"CO","6/25/2007",NA,"Y",NA,9.223,3,"H",738.2406324,"Y",0.1,NA,NA,"ND",0.0141807662572023,0.00787820347622351,20
1594371,"NLA12_CO-101",7173,"NLA_CO-10028",2012,1,38.30009665,-102.7612671,"CO","7/13/2012","Y",NA,0.5,12.667,1,NA,1899.7115,NA,0.1,0.15512,0.15,NA,0.0141807662572023,0.00787820347622351,20
1731832,"NLA06608-NELP-0253",2008837,"NLA_ME-10016",2007,1,45.15205,-68.09488,"ME","8/8/2007",NA,"Y",NA,1.035,3,NA,493.7919396,"Y",0.1,NA,NA,"ND",0.00338200882515861,0.00208765976861643,18
2032039,"NLA06608-1303",2008248,"NLA_MN-10071",2007,1,44.2311524,-93.5289501,"MN","8/8/2007",NA,"Y",NA,7.648,3,NA,16112,"Y",NA,6.6,NA,NA,0.0362049522305005,0.13409241566852,3
2332715,"NLA06608-1576",2008368,"NLA_MO-10033",2007,1,38.3067683,-93.9527628,"MO","9/9/2007",NA,"Y",NA,68.4,3,NA,108646.2222,"Y",NA,0.25,NA,NA,0.0466903915168121,0.0576424586627309,9
2485342,"NLA12_SD-198",8311,"NLA_SD-10172",2012,1,44.59545614,-97.1985202,"SD","8/29/2012","Y",NA,0.5,1.914,1,NA,1838.1796,NA,0.1,0.59536,0.15,NA,0.0462466057848906,0.0734073107696676,7
2529647,"NLA12_MO-103",7255,"NLA_MO-10008",2012,1,39.41430868,-94.49779458,"MO","7/17/2012","Y",NA,0.5,17.12,1,NA,29104.3187,NA,0.1,0.11367,0.15,"L",0.0582363718323217,0.0154064475746883,42
2554839,"NLA12_CA-208",8149,"NLA_CA-10142",2012,1,41.99178315,-121.8782454,"CA","8/21/2012","Y",NA,4,9,5,NA,72134.803,NA,0.1,NA,0.15,"ND",0.00332634578904958,0.00923984941402662,4
2646860,"NLA12_WI-108",1000109,"NLA_WI-10011",2012,1,45.32642671,-92.42532377,"WI","7/30/2012","Y",NA,0.26,72.4,0.87,NA,92786.4955,NA,0.1,1.094,0.15,NA,0.0336935182928733,0.0748744850952741,5
2646860,"NLA06608-0183",2007647,"NLA_WI-10011",2007,1,45.32642671,-92.42532377,"WI","7/25/2007",NA,"Y",NA,30.096,3,"H",36061.12288,"Y",0.1,NA,NA,"ND",0.0336935182928733,0.0748744850952741,5
2888202,"NLA06608-1595",2008375,"NLA_CO-10041",2007,1,40.1809249,-105.0386785,"CO","6/28/2007",NA,"Y",NA,5.003,3,NA,4843.581277,"Y",0.1,NA,NA,"ND",0.00066352673185975,0.00105321703469802,7
2888348,"NLA06608-1851",2008458,"NLA_CO-10048",2007,1,40.0798358,-105.2171741,"CO","8/21/2007",NA,"Y",NA,6.05,3,NA,6950.985044,"Y",0.1,NA,NA,"ND",0.000515070760752926,0.000953834742135048,6
2888348,"NLA12_CO-111",8477,"NLA_CO-10048",2012,1,40.0798358,-105.2171741,"CO","9/11/2012","Y",NA,0.5,3.513333333,1,NA,916.3842,NA,0.1,NA,0.15,"ND",0.000515070760752926,0.000953834742135048,6
3319884,"NLA06608-0150",2007624,"NLA_ME-10024",2007,1,44.85554819,-69.23749986,"ME","8/2/2007",NA,"Y",NA,8.224,3,NA,2985.448026,"Y",NA,0.47,NA,NA,0.125032992918883,0.0169421399619083,82
3319884,"NLA12_ME-109",7463,"NLA_ME-10024",2012,1,44.85554819,-69.23749986,"ME","7/25/2012","Y",NA,0.5,6.56,1,NA,1909.9581,NA,0.1,0.15795,0.15,NA,0.125032992918883,0.0169421399619083,82
3501837,"NLA12_UT-392",8777,"NLA_UT-10312",2012,1,39.36035119,-111.9637079,"UT","9/26/2012","Y",NA,0.5,4.2,1,NA,42862.0031,NA,0.1,0.23788,0.15,NA,0.043791577761425,0.0139020881782302,35
3806779,"NLA06608-0066",2007549,"NLA_PA-10002",2007,1,39.7685143,-79.3808178,"PA","6/12/2007",NA,"Y",NA,1.749,3,NA,7121.009899,"Y",0.1,NA,NA,"ND",0.000173513269732053,0.000385585043849007,5
4104123,"NLA06608-MN:06-0002",2008825,"NLA_MN-10003",2007,1,45.33182,-96.13567,"MN","9/6/2007",NA,"Y",NA,42.264,3,NA,21014.44879,"Y",NA,0.25,NA,NA,0.0415968517229443,0.0924374482732096,5
4110960,"NLA06608-0343",2007753,"NLA_SD-10010",2007,1,44.87790723,-96.63402874,"SD","8/21/2007",NA,"Y",NA,45.36,3,NA,215474.9866,"Y",NA,12,NA,NA,0.0752186324967253,0.0522351614560593,16
4110960,"NLA12_SD-103",8266,"NLA_SD-10010",2012,1,44.87790723,-96.63402874,"SD","8/28/2012","Y",NA,0.5,13.7,1,NA,30977.5385,NA,0.1,0.37286,0.15,NA,0.0752186324967253,0.0522351614560593,16
4167440,"NLA06608-1633",2008386,"NLA_MT-10070",2007,1,44.9542065,-112.8818444,"MT","7/13/2007",NA,"Y",NA,1.52,3,NA,430.2423379,"Y",0.1,NA,NA,"ND",0.415526937822926,0.0412229104983062,112
4251590,"NLA06608-0215",2007669,"NLA_MN-10024",2007,1,45.2593824,-94.9644135,"MN","8/22/2007",NA,"Y",NA,58.464,3,NA,32922.07407,"Y",NA,6.1,NA,NA,0.0233474389816879,0.0324269985856776,8
4415506,"NLA12_MN-121",7723,"NLA_MN-10075",2012,1,45.30812879,-95.10304092,"MN","8/6/2012","Y",NA,0.5,18.5,1,NA,15815.5597,NA,0.1,0.18,0.15,NA,0.199106992600309,0.0961869529470093,23
4415506,"NLA06608-1383",2008288,"NLA_MN-10075",2007,1,45.30812879,-95.10304092,"MN","8/22/2007",NA,"Y",NA,21.28,3,NA,74600.63492,"Y",NA,3.4,NA,NA,0.199106992600309,0.0961869529470093,23
4451216,"NLA12_TX-105",6860,"NLA_TX-10012",2012,1,32.18872936,-95.47435666,"TX","6/28/2012","Y",NA,0.5,37.28,1,NA,872826.245,NA,0.1,0.1031,0.15,"L",1.01245856576554,0.0259205982018828,434
4451216,"NLA06608-0024",2007504,"NLA_TX-10012",2007,1,32.18872936,-95.47435666,"TX","7/11/2007",NA,"Y",NA,44.151,3,"H",18442.66667,"Y",NA,0.26,NA,NA,1.01245856576554,0.0259205982018828,434
4586134,"NLA06608-0369",2007766,"NLA_VT-10008",2007,1,44.5863556,-72.3118644,"VT","7/26/2007",NA,"Y",NA,1.744,3,NA,2333.500167,"Y",0.1,NA,NA,"ND",0.000294708614305246,0.000545756693157863,6
4592671,"NLA06608-9999",2008686,"NLA_VT-10003",2007,1,44.64231,-71.65179,"VT","7/31/2007",NA,"Y",NA,1.024,3,"H",5300.421634,"Y",0.1,NA,NA,"ND",0.00111352344608809,0.00247449654686242,5
4619272,"NLA06608-0494",2007832,"NLA_MN-10033",2007,1,46.8221905,-94.5335402,"MN","7/11/2007",NA,"Y",NA,24.64,3,NA,2784.068376,"Y",0.1,NA,NA,"ND",0.0323487956090177,0.013312261567497,27
4620890,"NLA06608-0238",2007692,"NLA_MN-10026",2007,1,46.5788167,-94.1753168,"MN","7/11/2007",NA,"Y",NA,2.976,3,NA,2603.140741,"Y",0.1,NA,NA,"ND",0.0305274308264835,0.00137325374837982,247
4690013,"NLA12_PA-101",6537,"NLA_PA-10014",2012,1,40.360507,-78.10970726,"PA","6/12/2012","Y",NA,0.001,3.47,0.001,NA,23306.2142,NA,0.1,NA,0.15,"ND",0.00041945831898207,0.000423695271699061,11
4690013,"NLA06608-0514",2007847,"NLA_PA-10014",2007,1,40.360507,-78.10970726,"PA","7/24/2007",NA,"Y",NA,3.856,3,NA,14287.83329,"Y",0.1,NA,NA,"ND",0.00041945831898207,0.000423695271699061,11
4876219,"NLA06608-1321",2008252,"NLA_UT-10032",2007,1,39.2945875,-111.2808196,"UT","8/1/2007",NA,"Y",NA,1.57,3,NA,0,"Y",0.1,NA,NA,"ND",0.000316974190988895,0.000704387091086434,5
4966619,"NLA06608-1390",2008293,"NLA_MN-10076",2007,1,45.91935185,-95.39679944,"MN","7/19/2007",NA,"Y",NA,5.589,3,NA,2365.74359,"Y",0.1,NA,NA,"ND",0.000537584235112018,0.000663684240879034,9
4966619,"NLA12_MN-106",7765,"NLA_MN-10076",2012,1,45.91935185,-95.39679944,"MN","8/8/2012","Y",NA,0.5,2.92,1,NA,3865.8208,NA,0.1,NA,0.15,"ND",0.000537584235112018,0.000663684240879034,9
5195160,"NLA06608-EMAP:ME518L",2008816,"NLA_ME-10015",2007,1,45.34667189,-67.91202186,"ME","8/10/2007",NA,"Y",NA,2.056,3,NA,2014.934935,"Y",0.1,NA,NA,"ND",0.00411219955382594,0.00253839478631231,18
5195160,"NLA12_ME-R08",7389,"NLA_ME-10015",2012,1,45.34667189,-67.91202186,"ME","7/21/2012","N",NA,0.5,1.588,1,NA,16539.0102,NA,0.1,NA,0.15,"ND",0.00411219955382594,0.00253839478631231,18
5278562,"NLA06608-TX:22",2008910,"NLA_TX-10005",2007,1,32.04443,-94.46405,"TX","9/17/2007",NA,"Y",NA,109.833,3,NA,214488.8889,"Y",0.1,NA,NA,"ND",0.0905190158980645,0.0245308986173617,41
5489185,"NLA06608-3228",2008650,"NLA_TX-10093",2007,1,32.570246,-99.6826183,"TX","10/9/2007",NA,"Y",NA,8.704,3,NA,94189.33333,"Y",0.1,NA,NA,"ND",0.00577103996344497,0.00712474069561107,9
5569731,"NLA06608-0599",2007891,"NLA_TX-10024",2007,1,30.2900887,-96.5978144,"TX","7/19/2007",NA,"Y",NA,50.256,3,NA,52896,"Y",0.1,NA,NA,"ND",0.855390222787721,0.0424300705747877,224
5632093,"NLA12_TX-152",7247,"NLA_TX-10131",2012,1,32.58187778,-101.165507,"TX","7/17/2012","Y",NA,0.5,373.3333333,1,NA,912968.1709,NA,0.1,4.06732,0.15,NA,0.115885970522114,0.0677695734047448,19
6027864,"NLA06608-1868",2008466,"NLA_OK-10060",2007,1,34.95361555,-96.71815923,"OK","8/15/2007",NA,"Y",NA,9,3,NA,2499.555556,"Y",0.1,NA,NA,"ND",0.000342120891871501,0.000760268648603336,5
6027864,"NLA12_OK-101",6550,"NLA_OK-10060",2012,1,34.95361555,-96.71815923,"OK","6/12/2012","Y",NA,NA,15.5,0.1,NA,105856.1591,NA,0.1,0.11315,0.15,"L",0.000342120891871501,0.000760268648603336,5
6043008,"NLA06608-3320",2008654,"NLA_OK-10065",2007,1,34.93407496,-94.74121398,"OK","9/17/2007",NA,"Y",NA,19.067,3,NA,47052.44444,"Y",0.1,NA,NA,"ND",0.0506613082378068,0.0106208193370664,53
6579638,"NLA06608-MN:51-0063",2008830,"NLA_MN-10008",2007,1,44.15457,-95.76708,"MN","9/5/2007",NA,"Y",NA,25.12,3,NA,30027.75503,"Y",NA,3.5,NA,NA,0.0670854351903308,0.0532424088812149,14
6606076,"NLA12_IA-120",6541,"NLA_IA-10055",2012,1,42.62364617,-95.19096081,"IA","6/12/2012","Y",NA,0.5,6.613333333,1,NA,273537.5107,NA,0.1,0.14854,0.15,"L",0.210184079820461,0.0303295930476855,77
6654439,"NLA12_MN-120",6547,"NLA_MN-10062",2012,1,46.97471381,-95.6549086,"MN","6/12/2012","Y",NA,0.5,25.76,1,NA,21150.9373,NA,0.1,0.12,0.15,"L",0.172820448399797,0.0457196953438617,42
6654439,"NLA06608-1134",2008167,"NLA_MN-10062",2007,1,46.97471381,-95.6549086,"MN","8/7/2007",NA,"Y",NA,9.43,3,NA,7980,"Y",NA,3.7,NA,NA,0.172820448399797,0.0457196953438617,42
6675304,"NLA12_ND-101",6344,"NLA_ND-10043",2012,1,46.09722632,-97.23724726,"ND","5/30/2012","Y",NA,0.5,13.44,1,NA,17148.2726,NA,0.1,1.12003,0.15,NA,0.0186576365251479,0.0518267681254108,4
6675304,"NLA06608-1070",2008138,"NLA_ND-10043",2007,1,46.09722632,-97.23724726,"ND","7/11/2007",NA,"Y",NA,23.112,3,NA,11002.55145,"Y",0.1,NA,NA,"ND",0.0186576365251479,0.0518267681254108,4
6718889,"NLA06608-1238",2008216,"NLA_ME-10036",2007,1,44.0417217,-70.52594229,"ME","8/16/2007",NA,"Y",NA,1.829,3,NA,16.87680171,"Y",0.1,NA,NA,"ND",0.000177456753135054,0.000328623616916767,6
6718889,"NLA12_ME-110",7534,"NLA_ME-10036",2012,1,44.0417217,-70.52594229,"ME","7/30/2012","Y",NA,0.5,2.02,1,NA,4.7117,NA,0.1,NA,0.15,"ND",0.000177456753135054,0.000328623616916767,6
7221456,"NLA06608-0523",2007849,"NLA_SD-10017",2007,1,43.9236897,-96.9510362,"SD","7/16/2007",NA,"Y",NA,48.6,3,NA,73713.69732,"Y",NA,0.41,NA,NA,0.0657276025062907,0.0521647638938815,14
7330556,"NLA06608-R759",2008894,"NLA_KS-10008",2007,1,38.94854,-98.56872,"KS","7/26/2007",NA,"Y",NA,4.784,3,NA,5545.424212,"Y",0.1,NA,NA,"ND",0.0140351564057889,0.00102596172556936,152
7344817,"NLA06608-1052",2008130,"NLA_KS-10029",2007,1,39.6145697,-99.1824015,"KS","6/27/2007",NA,"Y",NA,28.656,3,"H",2220.958332,"Y",0.1,NA,NA,"ND",0.00947933765911267,0.00292572149972613,36
7387259,"NLA12_MO-102",8813,"NLA_MO-10043",2012,1,37.87140844,-93.28360934,"MO","9/27/2012","Y",NA,0.5,34.88,1,NA,127333.5482,NA,0.1,0.16973,0.15,NA,0.00813149481234841,0.00273787704119475,33
7387259,"NLA06608-2152",2008532,"NLA_MO-10043",2007,1,37.87140844,-93.28360934,"MO","10/2/2007",NA,"Y",NA,23.832,3,NA,17513.77778,"Y",0.1,NA,NA,"ND",0.00813149481234841,0.00273787704119475,33
8347705,"NLA12_TX-165",6647,"NLA_TX-10144",2012,1,33.83357441,-95.63207419,"TX","6/18/2012","Y",NA,0.5,7.9,1,NA,31693.8282,NA,0.1,NA,0.15,"ND",0.146190506196136,0.0170983048182616,95
9051389,"NLA12_PA-113",7982,"NLA_PA-10035",2012,1,41.62272558,-80.30498498,"PA","8/15/2012","Y",NA,0.001,5.65,0.001,NA,12757.4406,NA,0.1,NA,0.15,"ND",0.00270951636887779,0.00430081963313934,7
9371574,"NLA06608-1687",2008403,"NLA_SD-10061",2007,1,44.9287974,-97.2098473,"SD","7/9/2007",NA,"Y",NA,7.52,3,NA,1540.465382,"Y",NA,0.12,NA,NA,0.286991464341282,0.0247193337072594,129
10091800,"NLA06608-0850",2008023,"NLA_UT-10020",2007,1,40.7640087,-111.3907566,"UT","8/7/2007",NA,"Y",NA,2.304,3,NA,1932.051179,"Y",0.1,NA,NA,"ND",0.00414850876098193,0.00658493454124115,7
10272084,"NLA12_UT-104",6478,"NLA_UT-10043",2012,1,41.37535097,-112.0897045,"UT","6/7/2012","Y",NA,0.5,2,1,NA,1997.9186,NA,0.1,NA,0.15,"ND",0.0935278795976071,0.00306548277933816,339
10272084,"NLA06608-1810",2008446,"NLA_UT-10043",2007,1,41.37535097,-112.0897045,"UT","7/16/2007",NA,"Y",NA,14.8,3,NA,23704.68926,"Y",0.1,NA,NA,"ND",0.0935278795976071,0.00306548277933816,339
10363726,"NLA06608-2074",2008509,"NLA_FL-10047",2007,1,30.43458497,-84.56553879,"FL","6/13/2007",NA,"Y",NA,61.091,3,NA,6805.627176,"Y",NA,2.6,NA,NA,0.0395560153956977,0.00523227716874308,84
10363726,"NLA12_FL-108",7531,"NLA_FL-10047",2012,1,30.43458497,-84.56553879,"FL","7/28/2012","Y",NA,0.5,34.48888889,1,NA,58420.7411,NA,0.1,0.17308,0.15,NA,0.0395560153956977,0.00523227716874308,84
10375440,"NLA12_UT-218",7841,"NLA_UT-10164",2012,1,40.4581066,-111.4811121,"UT","8/10/2012","Y",NA,0.5,3.858823529,1,NA,8579.3587,NA,0.1,0.2034,0.15,NA,0.00208154665389462,0.00121727874496762,19
10734232,"NLA06608-2889",2008631,"NLA_NV-10066",2007,1,38.7035977,-118.7179736,"NV","7/18/2007",NA,"Y",NA,1.772,3,NA,500.2965929,"Y",0.1,NA,NA,"ND",0.517721520034714,0.00422975098067577,1360
10814778,"NLA06608-0105",2007592,"NLA_UT-10003",2007,1,38.2350209,-112.2015025,"UT","7/5/2007",NA,"Y",NA,5.976,3,"H",196.0952507,"Y",0.1,NA,NA,"ND",0.00716777569287697,0.00442455289683764,18
10840360,"NLA06608-3303",2008652,"NLA_TX-10094",2007,1,29.2461467,-98.3772099,"TX","10/17/2007",NA,"Y",NA,35.424,3,NA,33732.74074,"Y",0.1,NA,NA,"ND",0.00925434528518865,0.0102826058724318,10
10960658,"NLA12_NC-104",7770,"NLA_NC-10024",2012,1,34.93290273,-77.10482994,"NC","8/8/2012","Y",NA,0.5,7.52,1,NA,160.9641,NA,0.1,NA,0.15,"ND",0.00182877108383276,0.0012699799193283,16
10960658,"NLA06608-1245",2008223,"NLA_NC-10024",2007,1,34.93290273,-77.10482994,"NC","6/29/2007",NA,"Y",NA,17.44,3,NA,31638.51852,"Y",0.1,NA,NA,"ND",0.00182877108383276,0.0012699799193283,16
10988999,"NLA06608-FL:107895579",2008817,"NLA_FL-10001",2007,1,29.08006,-81.44111,"FL","8/1/2007",NA,"Y",NA,10.528,3,NA,3262.717263,"Y",0.1,NA,NA,"ND",0.0665127095266349,0.0104088747303028,71
10996865,"NLA06608-2629",2008596,"NLA_FL-10062",2007,1,28.8388165,-81.26992474,"FL","7/10/2007",NA,"Y",NA,27.16,3,NA,15745.89741,"Y",NA,0.16,NA,NA,0.484029251537108,0.0205271099040334,262
10996865,"NLA12_FL-109",7836,"NLA_FL-10062",2012,1,28.8388165,-81.26992474,"FL","8/11/2012","Y",NA,0.5,34.64,1,NA,278881.3449,NA,0.1,0.21567,0.15,NA,0.484029251537108,0.0205271099040334,262
11310757,"NLA12_NV-109",6829,"NLA_NV-10054",2012,1,40.04718141,-119.5715783,"NV","6/27/2012","Y",NA,0.5,0.329142857,1,NA,28440.3418,NA,0.1,0.21742,0.15,NA,3.29683578273178,0.00765548771097591,4785
11473406,"NLA06608-1959",2008486,"NLA_SD-10073",2007,1,45.7426415,-98.2734575,"SD","6/11/2007",NA,"Y",NA,17.486,3,NA,1868.96051,"Y",0.1,NA,NA,"ND",0.358624357834624,0.0545851381787861,73
11591319,"NLA12_SD-138",6402,"NLA_SD-10112",2012,1,45.69877035,-97.44011662,"SD","6/4/2012","Y",NA,0.5,2.52,1,NA,1875.6973,NA,0.1,NA,0.15,"ND",0.0304243162040477,0.0169023978911376,20
11594331,"NLA06608-0471",2007819,"NLA_SD-10015",2007,1,45.44012115,-97.26227214,"SD","6/25/2007",NA,"Y",NA,5.52,3,NA,21449.90835,"Y",NA,0.32,NA,NA,0.00810679798347173,0.0032169833267745,28
11594331,"NLA12_SD-106",6804,"NLA_SD-10015",2012,1,45.44012115,-97.26227214,"SD","6/26/2012","Y",NA,0.5,5.904,1,NA,544.1712,NA,0.1,0.13169,0.15,"L",0.00810679798347173,0.0032169833267745,28
11964599,"NLA06608-0637",2007913,"NLA_UT-10013",2007,1,40.133912,-111.0580729,"UT","8/6/2007",NA,"Y",NA,7.408,3,NA,45179.17675,"Y",0.1,NA,NA,"ND",0.341481273721959,0.0107181818494023,354
11965847,"NLA12_UT-102",6527,"NLA_UT-10053",2012,1,40.17574563,-110.4823139,"UT","6/11/2012","Y",NA,0.5,1.668,1,NA,14904.2874,NA,0.1,NA,0.15,"ND",0.00155530192808616,0.000909533291278455,19
11965847,"NLA06608-2463",2008574,"NLA_UT-10053",2007,1,40.17574563,-110.4823139,"UT","7/19/2007",NA,"Y",NA,1.576,3,NA,140.7285551,"Y",0.1,NA,NA,"ND",0.00155530192808616,0.000909533291278455,19
12129844,"NLA12_MI-161",1000099,"NLA_MI-10128",2012,1,44.24710638,-85.48183584,"MI","7/26/2012","Y",NA,0.5,15.392,1,NA,13861.5415,NA,0.1,0.33927,0.15,NA,0.105100444706604,0.0208532628386118,56
12135050,"NLA06608-0938",2008073,"NLA_MI-10032",2007,1,43.2314452,-86.31568591,"MI","8/7/2007",NA,"Y",NA,11.888,3,NA,22800,"Y",NA,2.4,NA,NA,0.148832407461998,0.0165369341624442,100
12135050,"NLA12_MI-105",1000056,"NLA_MI-10032",2012,1,43.2314452,-86.31568591,"MI","7/11/2012","Y",NA,0.5,12,1,NA,48767.7052,NA,0.1,NA,0.15,"ND",0.148832407461998,0.0165369341624442,100
12259344,"NLA06608-1131",2008166,"NLA_IN-10023",2007,1,41.6715821,-85.0498935,"IN","6/26/2007",NA,"Y",NA,6.192,3,"H",52443.25441,"Y",NA,0.84,NA,NA,0.00129952060295002,0.00360977945263895,4
12394516,"NLA06608-2800",2008620,"NLA_MT-10110",2007,1,47.68287539,-112.4617662,"MT","9/25/2007",NA,"Y",NA,2.411,3,NA,0,"Y",0.1,NA,NA,"ND",0.00169337204134022,0.00144732653106002,13
12394516,"NLA12_MT-106",7321,"NLA_MT-10110",2012,1,47.68287539,-112.4617662,"MT","7/20/2012","Y",NA,0.5,0.464,1,NA,5399.4991,NA,0.1,NA,0.15,"ND",0.00169337204134022,0.00144732653106002,13
12394688,"NLA12_MT-104",6542,"NLA_MT-10016",2012,1,47.55763659,-112.4485198,"MT","6/12/2012","Y",NA,0.5,0.637333333,1,NA,13881.4442,NA,0.1,NA,0.15,"ND",0.00143937628402633,0.000841740516974462,19
12394688,"NLA06608-0378",2007771,"NLA_MT-10016",2007,1,47.55763659,-112.4485198,"MT","6/26/2007",NA,"Y",NA,0.548,3,"H",87.84114398,"Y",0.1,NA,NA,"ND",0.00143937628402633,0.000841740516974462,19
12502183,"NLA12_MI-107",1000153,"NLA_MI-10043",2012,1,45.41585495,-84.84528421,"MI","8/15/2012","Y",NA,0.5,3.015384615,1,NA,24198.2676,NA,0.1,0.27481,0.15,NA,0.00168782479893507,0.00045740509456235,41
12502183,"NLA06608-1334",2008258,"NLA_MI-10043",2007,1,45.41585495,-84.84528421,"MI","7/31/2007",NA,"Y",NA,3,3,NA,3789.866667,"Y",NA,3.4,NA,NA,0.00168782479893507,0.00045740509456235,41
12694806,"NLA06608-1703",2008407,"NLA_SD-10063",2007,1,44.5683904,-98.129482,"SD","8/28/2007",NA,"Y",NA,32.04,3,NA,32391.42184,"Y",NA,0.54,NA,NA,0.313630111254964,0.10559936405891,33
12869679,"NLA06608-0950",2008079,"NLA_WY-10021",2007,1,43.31610437,-108.1837339,"WY","8/2/2007",NA,"Y",NA,1.723,3,NA,65.34609672,"Y",0.1,NA,NA,"ND",1.01175630655499,0.0264511452694115,425
13155459,"NLA06608-0111",2007596,"NLA_OH-10004",2007,1,41.1354055,-81.1369224,"OH","8/1/2007",NA,"Y",NA,3.256,3,NA,8189.811966,"Y",NA,0.13,NA,NA,0.000516727775239925,0.000521947247717096,11
13290898,"NLA06608-0099",2007586,"NLA_WI-10007",2007,1,43.09787438,-88.4621617,"WI","7/3/2007",NA,"Y",NA,4.6,3,"H",8843.561086,"Y",NA,4.5,NA,NA,0.000389573565704848,0.0014428650581661,3
13290898,"NLA12_WI-102",1000028,"NLA_WI-10007",2012,1,43.09787438,-88.4621617,"WI","6/27/2012","Y",NA,0.26,1.27,0.87,NA,1342.0061,NA,0.1,NA,0.15,"ND",0.000389573565704848,0.0014428650581661,3
13294928,"NLA12_WI-152",1000034,"NLA_WI-10087",2012,1,42.59803618,-88.61516896,"WI","7/2/2012","Y",NA,0.26,5.15,0.87,NA,25612.8301,NA,0.1,0.22,0.15,NA,0.0118933563687364,0.00825927525606697,16
13296360,"NLA06608-0611",2007896,"NLA_WI-10025",2007,1,42.96455549,-89.25380131,"WI","7/2/2007",NA,"Y",NA,20.64,3,"H",139726.7895,"Y",NA,1.2,NA,NA,0.814812322470784,0.107779407734231,84
13296360,"NLA12_WI-101",1000023,"NLA_WI-10025",2012,1,42.96455549,-89.25380131,"WI","6/26/2012","Y",NA,0.26,46.9,0.87,NA,105867.4203,NA,0.1,3.18,0.15,NA,0.814812322470784,0.107779407734231,84
13394473,"NLA12_WI-109",8193,"NLA_WI-10029",2012,1,45.71958321,-89.88146231,"WI","8/22/2012","Y",NA,0.26,22.1,0.87,NA,19551.7346,NA,0.1,0.444,0.15,NA,0.0355340923114705,0.0171662281697925,23
13394473,"NLA06608-0846",2008020,"NLA_WI-10029",2007,1,45.71958321,-89.88146231,"WI","8/28/2007",NA,"Y",NA,31.84,3,NA,41534.68617,"Y",NA,1.3,NA,NA,0.0355340923114705,0.0171662281697925,23
13432809,"NLA06608-0587",2007881,"NLA_IN-10016",2007,1,41.2184867,-86.591156,"IN","7/9/2007",NA,"Y",NA,15.28,3,"H",22117.14518,"Y",NA,0.31,NA,NA,0.0441369494483802,0.0272450305236915,18
13435523,"NLA06608-0091",2007584,"NLA_IN-10003",2007,1,41.3694412,-87.4321383,"IN","7/10/2007",NA,"Y",NA,118.8,3,NA,280946.8676,"Y",NA,1.8,NA,NA,0.0537835334563537,0.199198272060569,3
13732800,"NLA06608-0244",2007698,"NLA_TX-10017",2007,1,33.739388,-99.2319984,"TX","6/20/2007",NA,"Y",NA,6,3,"H",12400.19753,"Y",0.1,NA,NA,"ND",0.178821227945835,0.016982072929329,117
13811164,"NLA06608-1568",2008364,"NLA_OK-10054",2007,1,36.531873,-99.5683601,"OK","7/10/2007",NA,"Y",NA,11.491,3,NA,1734.936957,"Y",0.1,NA,NA,"ND",0.105257249362744,0.0417687497471206,28
14152626,"NLA06608-0334",2007746,"NLA_ND-10015",2007,1,48.327049,-100.7569373,"ND","6/27/2007",NA,"Y",NA,5.88,3,"H",9015.275303,"Y",NA,2,NA,NA,0.0907455116924024,0.0720202473749225,14
14152626,"NLA12_ND-106",6981,"NLA_ND-10015",2012,1,48.327049,-100.7569373,"ND","7/5/2012","Y",NA,0.5,13.2,1,NA,234625.5425,NA,0.1,0.1664,0.15,NA,0.0907455116924024,0.0720202473749225,14
14299227,"NLA06608-1278",2008238,"NLA_ND-10051",2007,1,48.03204771,-98.90839834,"ND","8/21/2007",NA,"Y",NA,29.088,3,NA,49791.58722,"Y",NA,2.4,NA,NA,0.0537778809679731,0.0459640008273275,13
14619172,"NLA12_IA-152",6977,"NLA_IA-10087",2012,1,43.17179588,-94.90593006,"IA","7/5/2012","Y",NA,0.5,62.4,1,NA,58385.7992,NA,0.1,4.3104,0.15,NA,0.155892467356156,0.0962299181210841,18
14619466,"NLA06608-1975",2008489,"NLA_IA-10036",2007,1,43.3411448,-95.1264533,"IA","8/8/2007",NA,"Y",NA,4.981,3,NA,359.8682858,"Y",NA,0.14,NA,NA,0.0300614514698706,0.00484081344120299,69
14678246,"NLA06608-1006",2008109,"NLA_ND-10039",2007,1,47.2330995,-100.0594809,"ND","6/19/2007",NA,"Y",NA,34.2,3,NA,2244.489161,"Y",NA,0.52,NA,NA,0.045239226746858,0.125664518741272,4
14681338,"NLA12_ND-129",7482,"NLA_ND-10069",2012,1,46.71384398,-100.1527425,"ND","7/27/2012","Y",NA,0.5,283.2,1,NA,204135.9942,NA,0.1,3.74658,0.15,NA,0.813988764909426,0.12059092813473,75
14684284,"NLA12_ND-112",6217,"NLA_ND-10045",2012,1,46.64003276,-99.58716111,"ND","5/15/2012","Y",NA,0.5,3.28,1,NA,15531.5716,NA,0.1,0.24161,0.15,NA,0.19024330792612,0.0431390720920908,49
14684284,"NLA06608-1091",2008146,"NLA_ND-10045",2007,1,46.64003276,-99.58716111,"ND","7/16/2007",NA,"Y",NA,12.667,3,NA,62273.09671,"Y",0.1,NA,NA,"ND",0.19024330792612,0.0431390720920908,49
14751784,"NLA12_SD-189",7414,"NLA_SD-10163",2012,1,44.8826344,-99.74168521,"SD","7/25/2012","Y",NA,0.5,38.736,1,NA,1730.8798,NA,0.1,2.31828,0.15,NA,0.0887208273334619,0.0896169973065271,11
14930103,"NLA12_CA-121",6659,"NLA_CA-10056",2012,1,36.08284307,-118.9092314,"CA","6/19/2012","Y",NA,4,2.8,5,"ND;X2",33336.3404,NA,0.1,NA,0.15,"ND",0.00057669934609749,0.00128155410243887,5
14991593,"NLA12_CA-103",7916,"NLA_CA-10005",2012,1,39.11326334,-120.4389061,"CA","8/13/2012","Y",NA,4,0.2,5,"ND;X2",6.7376,NA,0.1,NA,0.15,"ND",0.00264790680079806,0.0022631682058103,13
14991593,"NLA06608-0201",2007658,"NLA_CA-10005",2007,1,39.11326334,-120.4389061,"CA","9/18/2007",NA,"Y",NA,0.797,3,NA,490.3601533,"Y",0.1,NA,NA,"ND",0.00264790680079806,0.0022631682058103,13
15078462,"NLA06608-0711",2007946,"NLA_LA-10012",2007,1,30.7510733,-93.1114026,"LA","9/10/2007",NA,"Y",NA,16.32,3,NA,573.6645737,"Y",0.1,NA,NA,"ND",0.0110596841333438,0.00768033620371097,16
15108649,"NLA12_LA-134",6603,"NLA_LA-10099",2012,1,29.87714604,-92.79850122,"LA","6/14/2012","Y",NA,0.5,8.72,1,NA,257172.0186,NA,0.1,0.5214,0.15,NA,0.171301222788925,0.00128430966253505,1482
15222888,"NLA06608-4650",2008679,"NLA_LA-10066",2007,1,32.7146,-92.4450157,"LA","9/13/2007",NA,"Y",NA,26.08,3,NA,3309.526698,"Y",0.1,NA,NA,"ND",0.163968319950338,0.0108444656051811,168
15252778,"NLA12_MS-107",6414,"NLA_MS-10004",2012,1,34.7222327,-90.07422849,"MS","6/4/2012","Y",NA,0.5,25.6,1,NA,285.0795,NA,0.1,NA,0.15,"ND",0.282405708269178,0.016514953699952,190
15252778,"NLA06608-0432",2007795,"NLA_MS-10004",2007,1,34.7222327,-90.07422849,"MS","7/16/2007",NA,"Y",NA,24.8,3,NA,717.0807171,"Y",0.1,NA,NA,"ND",0.282405708269178,0.016514953699952,190
15447630,"NLA12_VT-103",7520,"NLA_VT-10009",2012,1,44.67386066,-73.36140792,"VT","7/30/2012","Y",NA,0.5,3.394285714,1,NA,815.216,NA,0.1,NA,0.15,"ND",0.689007664446312,0.00126101807215782,6071
15447630,"NLA06608-0433",2007796,"NLA_VT-10009",2007,1,44.67386066,-73.36140792,"VT","8/9/2007",NA,"Y",NA,1.68,3,NA,201.8449426,"Y",0.1,NA,NA,"ND",0.689007664446312,0.00126101807215782,6071
15585938,"NLA06608-0367",2007765,"NLA_OH-10012",2007,1,41.3649693,-81.2208946,"OH","8/23/2007",NA,"Y",NA,59.4,3,NA,4841.481482,"Y",NA,3.5,NA,NA,0.052311799029694,0.0581242211441045,10
15820095,"NLA06608-2831",2008625,"NLA_AL-10035",2007,1,34.1474929,-85.7918613,"AL","8/1/2007",NA,"Y",NA,37.6,3,NA,3336.417225,"Y",0.1,NA,NA,"ND",0.0249414316805643,0.00644481438774272,43
16031074,"NLA06608-3484",2008657,"NLA_NE-10099",2007,1,42.6269512,-100.6121255,"NE","8/20/2007",NA,"Y",NA,83.5,3,NA,153770.2663,"Y",0.1,NA,NA,"ND",0.0353412730509197,0.0436312012974317,9
16068089,"NLA06608-R784",2008901,"NLA_NE-10005",2007,1,42.45837,-103.11643,"NE","9/20/2007",NA,"Y",NA,6.752,3,NA,2007.797577,"Y",0.1,NA,NA,"ND",0.000568596350701924,0.000902533890003054,7
16237597,"NLA12_ND-131",7707,"NLA_ND-10071",2012,1,46.61482047,-101.8950983,"ND","8/6/2012","Y",NA,0.5,2.917333333,1,NA,2868.0111,NA,0.1,0.11714,0.15,"L",0.0430125897431291,0.0367628972163497,13
16630838,"NLA06608-1413",2008302,"NLA_FL-10035",2007,1,28.9161695,-81.738985,"FL","7/11/2007",NA,"Y",NA,49.2,3,NA,51311.10909,"Y",NA,0.47,NA,NA,0.516954282142946,0.0563131026299505,102
16632086,"NLA06608-2117",2008526,"NLA_FL-10049",2007,1,28.62012601,-81.62390666,"FL","9/25/2007",NA,"Y",NA,149.6,3,NA,85013.90279,"Y",NA,0.43,NA,NA,14.3214997595607,0.13765378469397,1156
16632086,"NLA12_FL-103",7530,"NLA_FL-10049",2012,1,28.62012601,-81.62390666,"FL","7/30/2012","Y",NA,0.5,80.9,1,NA,322213.211,NA,0.1,0.2797,0.15,NA,14.3214997595607,0.13765378469397,1156
16632718,"NLA06608-0453",2007807,"NLA_FL-10015",2007,1,28.5733236,-81.7702539,"FL","7/31/2007",NA,"Y",NA,4.314,3,"H",4521.592299,"Y",0.1,NA,NA,"ND",0.00852947230613543,0.00243004909006707,39
16636112,"NLA06608-1733",2008418,"NLA_FL-10040",2007,1,28.89574438,-81.83982976,"FL","7/12/2007",NA,"Y",NA,167.04,3,NA,61688.86058,"Y",NA,1.3,NA,NA,2.02778356836729,0.0938788689058932,240
16636112,"NLA12_FL-105",7839,"NLA_FL-10040",2012,1,28.89574438,-81.83982976,"FL","8/12/2012","Y",NA,0.5,88.8,1,NA,6766108.138,NA,0.1,0.19734,0.15,NA,2.02778356836729,0.0938788689058932,240
16757722,"NLA12_FL-132",8060,"NLA_FL-10099",2012,1,26.42221393,-81.49292185,"FL","8/19/2012","Y",NA,0.5,34.572,1,NA,310465.712,NA,0.1,NA,0.15,"ND",0.0816087382566483,0.0412165344730547,22
16793645,"NLA06608-2593",2008591,"NLA_FL-10061",2007,1,28.09204922,-81.70722184,"FL","7/26/2007",NA,"Y",NA,38.2,3,NA,13564.7769,"Y",NA,0.16,NA,NA,0.0121787464215632,0.0270638809368071,5
16793645,"NLA12_FL-102",7826,"NLA_FL-10061",2012,2,28.09204922,-81.70722184,"FL","8/10/2012","Y",NA,0.5,31.84,1,NA,96317.7399,NA,0.1,0.20492,0.15,NA,0.0121787464215632,0.0270638809368071,5
16905639,"NLA06608-0609",2007894,"NLA_FL-10018",2007,1,28.0612687,-82.2772918,"FL","7/25/2007",NA,"Y",NA,187.92,3,NA,180186.4491,"Y",NA,6.3,NA,NA,0.136880813256491,0.13826344773383,11
16915600,"NLA06608-0161",2007629,"NLA_FL-10008",2007,1,28.1024337,-82.7211452,"FL","8/15/2007",NA,"Y",NA,39,3,NA,9274.741914,"Y",0.1,NA,NA,"ND",0.0289713745742036,0.0107301387311865,30
17373390,"NLA06608-2740",2008611,"NLA_NE-10086",2007,1,41.32198742,-98.90067497,"NE","8/14/2007",NA,"Y",NA,11.368,3,NA,4255.308165,"Y",0.1,NA,NA,"ND",0.00116351085046936,0.000923421309896321,14
17373390,"NLA12_NE-114",1000086,"NLA_NE-10086",2012,1,41.32198742,-98.90067497,"NE","7/22/2012","Y",NA,0.5,5.82,1,NA,135.0814,NA,0.1,NA,0.15,"ND",0.00116351085046936,0.000923421309896321,14
17392990,"NLA06608-1148",2008173,"NLA_NE-10046",2007,1,42.1499431,-101.8384538,"NE","7/31/2007",NA,"Y",NA,48,3,NA,77416.04118,"Y",NA,3.9,NA,NA,0.0865767156607718,0.120245438417739,8
17404931,"NLA06608-0344",2007754,"NLA_NE-10019",2007,1,40.9644058,-96.8765715,"NE","7/5/2007",NA,"Y",NA,24.8,3,NA,15122.83431,"Y",NA,0.56,NA,NA,0.0557716259676121,0.0413123155315645,15
17432752,"NLA06608-0016",2007493,"NLA_NE-10010",2007,1,41.03740677,-100.7757749,"NE","6/27/2007",NA,"Y",NA,13,3,NA,1069.203429,"Y",NA,0.29,NA,NA,0.0566652876769095,0.0233190484267117,27
17432752,"NLA12_NE-109",1000084,"NLA_NE-10010",2012,1,41.03740677,-100.7757749,"NE","7/20/2012","Y",NA,0.5,12.01333333,1,NA,14847.2601,NA,0.1,NA,0.15,"ND",0.0566652876769095,0.0233190484267117,27
17508452,"NLA06608-2715",2008609,"NLA_NE-10084",2007,1,41.990756,-103.61424,"NE","8/17/2007",NA,"Y",NA,4.752,3,NA,361.1146721,"Y",0.1,NA,NA,"ND",0.000958817160106228,0.0035511746670601,3
17508468,"NLA12_NE-160",8186,"NLA_NE-10152",2012,1,41.93354662,-103.4942217,"NE","8/23/2012","Y",NA,0.5,21.37142857,1,NA,57474.0496,NA,0.1,0.16286,0.15,NA,0.00261476311044133,0.000937191079011231,31
17510964,"NLA06608-R796",2008905,"NLA_NE-10009",2007,1,41.73475,-102.39754,"NE","9/19/2007",NA,"Y",NA,99.52,3,NA,4329.313525,"Y",NA,2.5,NA,NA,0.0482332446229379,0.107184988050973,5
17539821,"NLA06608-0860",2008028,"NLA_IA-10016",2007,1,41.7755557,-91.584579,"IA","7/19/2007",NA,"Y",NA,11.168,3,NA,40.16979943,"Y",0.1,NA,NA,"ND",0.00095057590679304,0.00150885064570324,7
17843236,"NLA06608-0260",2007706,"NLA_NM-10003",2007,1,36.6734362,-106.6907196,"NM","8/30/2007",NA,"Y",NA,1.273,3,NA,5832.296296,"Y",0.1,NA,NA,"ND",0.00826792541496856,0.000771981831462984,119
18300278,"NLA12_WY-105",7026,"NLA_WY-10042",2012,1,42.27144044,-109.4346462,"WY","7/9/2012","Y",NA,0.5,1.756,1,NA,2296.2533,NA,0.1,NA,0.15,"ND",0.0212434928662118,0.0262265344027306,9
18300278,"NLA06608-2095",2008519,"NLA_WY-10042",2007,1,42.27144044,-109.4346462,"WY","7/8/2007",NA,"Y",NA,2.888,3,NA,1023.083359,"Y",0.1,NA,NA,"ND",0.0212434928662118,0.0262265344027306,9
18352151,"NLA12_WY-147",8629,"NLA_WY-10094",2012,1,42.04937237,-110.0809239,"WY","9/17/2012","Y",NA,0.5,5.493333333,1,NA,2337.9274,NA,0.1,NA,0.15,"ND",0.076107492444688,0.0120805543562997,70
18469416,"NLA12_IN-127",7548,"NLA_IN-10075",2012,1,39.25666178,-86.37285788,"IN","7/31/2012","Y",NA,0.5,32.48,1,NA,91158.4886,NA,0.1,NA,0.15,"ND",0.0203753725220779,0.0377321713371813,6
18474509,"NLA06608-0971",2008088,"NLA_IN-10021",2007,1,40.1169315,-85.2840692,"IN","7/26/2007",NA,"Y",NA,28.584,3,NA,26412.09907,"Y",0.1,NA,NA,"ND",0.00152737595003794,0.00339416877786208,5
18487094,"NLA06608-1355",2008270,"NLA_IN-10031",2007,1,41.2045164,-86.4055439,"IN","7/3/2007",NA,"Y",NA,3.84,3,"H",17117.95066,"Y",NA,0.27,NA,NA,0.00127161304110194,0.000371816678684776,38
19040443,"NLA12_NE-101",7344,"NLA_NE-10076",2012,1,40.06311139,-99.29220135,"NE","7/22/2012","Y",NA,0.5,27.36,1,NA,26245.5294,NA,0.1,1.01186,0.15,NA,0.12838055004915,0.00405241635256157,352
19040443,"NLA06608-2332",2008557,"NLA_NE-10076",2007,1,40.06311139,-99.29220135,"NE","8/9/2007",NA,"Y",NA,14.288,3,NA,967.2983117,"Y",0.1,NA,NA,"ND",0.12838055004915,0.00405241635256157,352
19080361,"NLA06608-1360",2008276,"NLA_NE-10052",2007,1,40.4303194,-101.5543964,"NE","8/19/2007",NA,"Y",NA,49.92,3,NA,13911.16892,"Y",NA,0.13,NA,NA,0.00996736055794226,0.0184580751073005,6
19251179,"NLA12_SD-101",6362,"NLA_SD-10005",2012,1,44.64709591,-100.7008666,"SD","5/31/2012","Y",NA,0.5,2.74,1,NA,0,NA,0.1,0.11759,0.15,"L",0.891691086839552,0.00142433564443095,6956
19668381,"NLA12_GA-105",7021,"NLA_GA-10014",2012,1,34.7978933,-84.25515016,"GA","7/9/2012","Y",NA,0.5,0.9328,1,NA,5536.3421,NA,0.1,NA,0.15,"ND",0.000280009229854213,0.000444459095006688,7
19668381,"NLA06608-0943",2008076,"NLA_GA-10014",2007,1,34.7978933,-84.25515016,"GA","9/11/2007",NA,"Y",NA,2.288,3,NA,1673.18834,"Y",0.1,NA,NA,"ND",0.000280009229854213,0.000444459095006688,7
19918144,"NLA12_LA-102",6628,"NLA_LA-10068",2012,1,31.3826592,-92.72750943,"LA","6/17/2012","Y",NA,0.5,11.664,1,NA,59561.4848,NA,0.1,NA,0.15,"ND",0.00305365079602967,0.000942484813589404,36
19918144,"NLA06608-4686",2008681,"NLA_LA-10068",2007,1,31.3826592,-92.72750943,"LA","9/12/2007",NA,"Y",NA,16.8,3,NA,487.0173204,"Y",0.1,NA,NA,"ND",0.00305365079602967,0.000942484813589404,36
19918180,"NLA12_LA-105",6643,"NLA_LA-10047",2012,1,31.31650271,-92.73712184,"LA","6/18/2012","Y",NA,0.5,12.096,1,NA,6529.1057,NA,0.1,0.174,0.15,NA,0.00549370351438811,0.00610411501598679,10
19918180,"NLA06608-2823",2008623,"NLA_LA-10047",2007,1,31.31650271,-92.73712184,"LA","9/5/2007",NA,"Y",NA,24.32,3,NA,3066.516011,"Y",0.1,NA,NA,"ND",0.00549370351438811,0.00610411501598679,10
19980072,"NLA06608-0560",2007866,"NLA_TX-10023",2007,1,35.58232959,-101.7171387,"TX","9/12/2007",NA,"Y",NA,12.96,3,NA,72408.2963,"Y",0.1,NA,NA,"ND",0.600656668636735,0.037706005564139,177
19980072,"NLA12_TX-103",1000073,"NLA_TX-10023",2012,1,35.58232959,-101.7171387,"TX","7/17/2012","Y",NA,0.5,14.5,1,NA,35167.2225,NA,0.1,NA,0.15,"ND",0.600656668636735,0.037706005564139,177
20031261,"NLA12_NM-129",6507,"NLA_NM-10051",2012,1,35.35167925,-103.4881351,"NM","6/10/2012","Y",NA,0.5,1.58,1,NA,119.8937,NA,0.1,0.11632,0.15,"L",0.00134305018248759,0.000678308172973529,22
20044192,"NLA12_NM-105",6361,"NLA_NM-10011",2012,1,35.7589017,-105.1444719,"NM","5/30/2012","Y",NA,0.5,8.586666667,1,NA,0,NA,0.1,0.10312,0.15,"L",0.00090958623440112,0.000918773974142545,11
20044192,"NLA06608-0628",2007908,"NLA_NM-10011",2007,1,35.7589017,-105.1444719,"NM","6/25/2007",NA,"Y",NA,2.304,3,NA,21475.16049,"Y",0.1,NA,NA,"ND",0.00090958623440112,0.000918773974142545,11
20194524,"NLA12_CA-180",7064,"NLA_CA-10114",2012,1,38.72817607,-121.131213,"CA","7/10/2012","Y",NA,4,3.4,5,"ND;X2",658.1525,NA,0.1,NA,0.15,"ND",0.0218521248121343,0.00148049626098471,164
20273047,"NLA06608-1461",2008322,"NLA_CA-10028",2007,1,37.5993464,-118.7415562,"CA","9/26/2007",NA,"Y",NA,18.216,3,NA,42506.92064,"Y",0.1,NA,NA,"ND",0.670058036338119,0.0919146826252564,81
20342929,"NLA06608-1397",2008296,"NLA_CA-10026",2007,1,33.23504244,-116.7444419,"CA","7/10/2007",NA,"Y",NA,210.6,3,NA,21990.47532,"Y",NA,0.13,NA,NA,0.125029713077559,0.0868261896371935,16
20342929,"NLA12_CA-102",8264,"NLA_CA-10026",2012,1,33.23504244,-116.7444419,"CA","8/28/2012","Y",NA,4,99,5,NA,28680.1791,NA,0.1,0.12244,0.15,"L",0.125029713077559,0.0868261896371935,16
20814160,"NLA12_NM-160",6532,"NLA_NM-10082",2012,1,35.66711339,-105.2417642,"NM","6/11/2012","Y",NA,0.5,3.28,1,NA,0,NA,0.1,NA,0.15,"ND",0.00117832058567435,0.000935175067995517,14
20971700,"NLA06608-0120",2007601,"NLA_OK-10003",2007,1,36.15061114,-96.43967025,"OK","6/18/2007",NA,"Y",NA,2.54,3,NA,10756.21076,"Y",0.1,NA,NA,"ND",0.129989175041059,0.00594372085235752,243
20971700,"NLA12_OK-103",6919,"NLA_OK-10003",2012,1,36.15061114,-96.43967025,"OK","7/2/2012","Y",NA,NA,19.4,0.1,NA,142.0401,NA,0.1,0.10387,0.15,"L",0.129989175041059,0.00594372085235752,243
21038107,"NLA06608-4320",2008670,"NLA_OK-10083",2007,1,36.77444999,-96.87548293,"OK","9/10/2007",NA,"Y",NA,2.504,3,NA,76346.22222,"Y",0.1,NA,NA,"ND",0.0605354107594271,0.00228005313594829,295
21383092,"NLA06608-0061",2007541,"NLA_AZ-10001",2007,1,34.2455815,-113.5793644,"AZ","6/12/2007",NA,"Y",NA,3.5,3,NA,2881.255568,"Y",0.1,NA,NA,"ND",0.00243841881107208,0.000934260080870529,29
21480292,"NLA06608-1569",2008365,"NLA_FL-10037",2007,1,27.741985,-81.4993316,"FL","8/14/2007",NA,"Y",NA,19.467,3,NA,7423.113349,"Y",0.1,NA,NA,"ND",0.259711459391584,0.0306987540651991,94
21783714,"NLA06608-1960",2008487,"NLA_OK-10064",2007,1,36.91928689,-95.95351684,"OK","8/23/2007",NA,"Y",NA,14.848,3,NA,94577.77778,"Y",NA,0.14,NA,NA,0.0233783499906618,0.00742169840973389,35
21784832,"NLA12_OK-134",6646,"NLA_OK-10100",2012,1,36.93107268,-96.1029813,"OK","6/18/2012","Y",NA,NA,13.4,0.1,NA,1974713.715,NA,0.1,0.10889,0.15,"L",0.0465276112527392,0.0139722556314532,37
21980955,"NLA06608-0021",2007500,"NLA_NY-10002",2007,1,42.7719197,-77.3095481,"NY","7/27/2007",NA,"Y",NA,2.292,3,"H",790.7806797,"Y",0.1,NA,NA,"ND",0.00392976229569414,0.000167938559645049,260
22886851,"NLA06608-0257",2007704,"NLA_MT-10014",2007,1,48.5413951,-115.2253416,"MT","7/18/2007",NA,"Y",NA,1.147,3,NA,982.9842302,"Y",0.1,NA,NA,"ND",0.0112373124249728,0.000747658843976901,167
22953957,"NLA12_MT-136",8130,"NLA_MT-10136",2012,1,48.95316293,-114.3227227,"MT","8/21/2012","Y",NA,0.5,0.684,1,NA,870.9638,NA,0.1,NA,0.15,"ND",0.0024450556240555,0.00246975315561162,11
22961759,"NLA06608-1153",2008176,"NLA_MT-10048",2007,1,48.5777513,-113.9310021,"MT","7/19/2007",NA,"Y",NA,0.254,3,NA,256.6786675,"Y",0.1,NA,NA,"ND",0.0288036609294734,0.00202557390502626,158
23016854,"NLA06608-1473",2008328,"NLA_ID-10031",2007,1,47.8908523,-116.8933801,"ID","7/22/2007",NA,"Y",NA,2.007,3,NA,20331.80952,"Y",0.1,NA,NA,"ND",0.00228201588946986,0.00845191070174021,3
23171013,"NLA06608-0277",2007711,"NLA_ID-10008",2007,1,42.67704536,-113.4072962,"ID","7/20/2007",NA,"Y",NA,12.928,3,NA,19445.86667,"Y",0.1,NA,NA,"ND",0.121129178795694,0.00810770942407588,166
23171013,"NLA12_ID-109",1000029,"NLA_ID-10008",2012,1,42.67704536,-113.4072962,"ID","6/27/2012","Y",NA,0.5,18.88,1,NA,22329.1693,NA,0.1,NA,0.15,"ND",0.121129178795694,0.00810770942407588,166
23422703,"NLA12_OR-112",7776,"NLA_OR-10033",2012,1,43.93094187,-118.1543661,"OR","8/8/2012","Y",NA,0.5,8.114285714,1,NA,1140.1623,NA,0.1,NA,0.15,"ND",0.136282580462397,0.0488468030331173,31
23422703,"NLA06608-0933",2008070,"NLA_OR-10033",2007,1,43.93094187,-118.1543661,"OR","7/31/2007",NA,"Y",NA,8.16,3,"H",746.9590803,"Y",0.1,NA,NA,"ND",0.136282580462397,0.0488468030331173,31
23704191,"NLA12_OR-128",7949,"NLA_OR-10083",2012,1,43.56495608,-121.9830847,"OR","8/14/2012","Y",NA,0.5,5.323076923,1,NA,5046.5679,NA,0.1,0.58839,0.15,NA,0.0676556254879803,0.00976271652063207,77
23756162,"NLA12_OR-169",7100,"NLA_OR-10123",2012,1,43.96521803,-122.6839683,"OR","7/11/2012","Y",NA,0.5,0.428,1,NA,5.3119,NA,0.1,NA,0.15,"ND",0.000134932857106025,0.000499751322614906,3
23756298,"NLA06608-0934",2008071,"NLA_OR-10034",2007,1,43.73000902,-122.0435795,"OR","8/28/2007",NA,"Y",NA,0.067,3,"L",226.9444444,"Y",0.1,NA,NA,"ND",0.0628931066754965,0.00447956600252824,156
23756298,"NLA12_OR-109",7918,"NLA_OR-10034",2012,1,43.73000902,-122.0435795,"OR","8/13/2012","Y",NA,0.5,0.1216,1,NA,1.4755,NA,0.1,NA,0.15,"ND",0.0628931066754965,0.00447956600252824,156
23756364,"NLA06608-1958",2008485,"NLA_OR-10055",2007,1,43.6629763,-122.4216059,"OR","8/27/2007",NA,"Y",NA,0.668,3,NA,179.6363636,"Y",0.1,NA,NA,"ND",0.000790080184911644,0.00109733359015506,8
23769069,"NLA06608-1190",2008193,"NLA_OR-10039",2007,1,44.09296976,-123.2760913,"OR","6/25/2007",NA,"Y",NA,6.176,3,"H",1174.966633,"Y",0.1,NA,NA,"ND",0.0250220993238919,0.00163543132835895,170
23769069,"NLA12_OR-104",7027,"NLA_OR-10039",2012,1,44.09296976,-123.2760913,"OR","7/9/2012","Y",NA,0.5,2.821333333,1,NA,2694.7365,NA,0.1,NA,0.15,"ND",0.0250220993238919,0.00163543132835895,170
23842132,"NLA06608-0849",2008022,"NLA_WA-10020",2007,1,48.0904008,-124.6325273,"WA","7/31/2007",NA,"Y",NA,4.696,3,"H",0,"Y",0.1,NA,NA,"ND",0.0155340386867581,0.00112810738465926,153
23994287,"NLA12_WA-103",8238,"NLA_WA-10046",2012,1,47.12004952,-122.577182,"WA","8/27/2012","Y",NA,0.5,1.770666667,1,NA,182907.7472,NA,0.1,NA,0.15,"ND",0.000210647738443648,0.000468106085430328,5
23994287,"NLA06608-2513",2008581,"NLA_WA-10046",2007,1,47.12004952,-122.577182,"WA","8/21/2007",NA,"Y",NA,3.541,3,NA,68958.28582,"Y",0.1,NA,NA,"ND",0.000210647738443648,0.000468106085430328,5
24093804,"NLA06608-1058",2008134,"NLA_OR-10036",2007,1,42.3649156,-122.2142097,"OR","9/5/2007",NA,"Y",NA,0.8,3,NA,151.2657005,"Y",0.1,NA,NA,"ND",0.00209159661570431,0.00193666353305955,12
24136807,"NLA06608-1057",2008133,"NLA_WA-10023",2007,1,47.2669021,-121.094003,"WA","8/14/2007",NA,"Y",NA,0.149,3,NA,0,"Y",0.1,NA,NA,"ND",0.01031550227525,0.00127351879941358,90
24181193,"NLA06608-0561",2007867,"NLA_ID-10012",2007,1,44.9484358,-116.0893222,"ID","8/9/2007",NA,"Y",NA,0.139,3,NA,3.555555556,"Y",0.1,NA,NA,"ND",0.0191980580682368,0.00250955007427932,85
24260671,"NLA12_WA-151",8627,"NLA_WA-10103",2012,1,48.687922,-121.6679362,"WA","9/18/2012","Y",NA,0.5,0.652,1,NA,1769.6812,NA,0.1,NA,0.15,"ND",0.00236847480154529,0.0004244578497393,62
24286248,"NLA06608-1873",2008468,"NLA_WA-10034",2007,1,47.4879947,-123.2647195,"WA","9/11/2007",NA,"Y",NA,0.464,3,NA,3764.620456,"Y",0.1,NA,NA,"ND",0.00242232914563123,0.000625924843832358,43
24315721,"NLA06608-0929",2008068,"NLA_MT-10037",2007,1,46.1796755,-113.2957121,"MT","6/16/2007",NA,"Y",NA,1.561,3,NA,11.97833782,"Y",0.1,NA,NA,"ND",0.00376502766271762,0.00116204557491284,36
24341846,"NLA06608-0129",2007610,"NLA_MT-10008",2007,1,48.2124098,-114.5994561,"MT","7/21/2007",NA,"Y",NA,0.428,3,NA,1123.7673,"Y",0.1,NA,NA,"ND",0.00549333928739204,0.00138720689075557,44
24342310,"NLA06608-1089",2008145,"NLA_MT-10045",2007,1,47.9261558,-114.4032969,"MT","7/20/2007",NA,"Y",NA,1.04,3,NA,1752.730901,"Y",0.1,NA,NA,"ND",0.00573159436025142,0.00227444220644898,28
24347665,"NLA12_MT-111",8486,"NLA_MT-10114",2012,1,48.45099337,-114.3814277,"MT","9/12/2012","Y",NA,0.5,1.134,1,NA,0,NA,0.1,NA,0.15,"ND",0.00761035597813128,0.00150999126550224,56
24347665,"NLA06608-2881",2008630,"NLA_MT-10114",2007,1,48.45099337,-114.3814277,"MT","9/21/2007",NA,"Y",NA,0.886,3,NA,752.9240912,"Y",0.1,NA,NA,"ND",0.00761035597813128,0.00150999126550224,56
24381227,"NLA06608-1985",2008491,"NLA_ID-10038",2007,1,47.4486876,-116.7986927,"ID","7/21/2007",NA,"Y",NA,0.664,3,NA,0,"Y",0.1,NA,NA,"ND",0.0666695699733492,0.00117583015826013,630
24381383,"NLA12_ID-103",1000069,"NLA_ID-10016",2012,1,47.46589015,-116.6151536,"ID","7/14/2012","Y",NA,0.5,3.562666667,1,NA,398.8863,NA,0.1,NA,0.15,"ND",0.00479996361796581,0.0106665858177018,5
24381383,"NLA06608-0769",2007979,"NLA_ID-10016",2007,1,47.46589015,-116.6151536,"ID","7/24/2007",NA,"Y",NA,15.36,3,"H",54593.33333,"Y",NA,0.14,NA,NA,0.00479996361796581,0.0106665858177018,5
24411181,"NLA12_WA-104",8496,"NLA_WA-10014",2012,1,47.07694132,-119.324822,"WA","9/11/2012","Y",NA,0.5,25.76,1,NA,89446.599,NA,0.1,1.92038,0.15,NA,0.0800374026503267,0.0342040182266353,26
24411181,"NLA06608-0529",2007852,"NLA_WA-10014",2007,1,47.07694132,-119.324822,"WA","9/4/2007",NA,"Y",NA,26.08,3,NA,34214.50972,"Y",NA,3.5,NA,NA,0.0800374026503267,0.0342040182266353,26
24465428,"NLA06608-0650",2007918,"NLA_ID-10015",2007,1,44.6420992,-111.3963618,"ID","7/25/2007",NA,"Y",NA,6.896,3,"H",19552.72727,"Y",0.1,NA,NA,"ND",0.12955365422883,0.00727012649993433,198
24539662,"NLA06608-0209",2007665,"NLA_WA-10009",2007,1,47.57601,-122.0836788,"WA","7/19/2007",NA,"Y",NA,2.408,3,NA,30995.37509,"Y",0.1,NA,NA,"ND",0.00410920094275734,0.000480608297398519,95
120025217,"NLA12_WY-124",7383,"NLA_WY-10025",2012,1,43.89903221,-110.6733784,"WY","7/24/2012","Y",NA,0.5,0.524,1,NA,77.0213,NA,0.1,NA,0.15,"ND",0.10879924486,0.00154984679287749,780
120052281,"NLA12_WY-103",7499,"NLA_WY-10015",2012,1,42.94833295,-109.8038839,"WY","7/28/2012","Y",NA,0.5,0.54,1,NA,73.4801,NA,0.1,NA,0.15,"ND",0.0176168218894607,0.00224991339584428,87
120052521,"NLA12_ND-105",8156,"NLA_ND-10051",2012,1,48.03204771,-98.90839834,"ND","8/22/2012","Y",NA,0.5,23.92,1,NA,68259.1315,NA,0.1,4.65996,0.15,NA,3.76659808489689,0.0537241204521023,779
120052972,"NLA12_KS-122",6927,"NLA_KS-10057",2012,1,39.499124,-98.3634546,"KS","7/2/2012","Y",NA,0.5,20,1,NA,751.3394,NA,0.1,0.11093,0.15,"L",0.048055435456087,0.0020302254100586,263
120053021,"NLA12_TX-110",1000026,"NLA_TX-10031",2012,1,33.07855581,-96.98672572,"TX","6/28/2012","Y",NA,0.5,14.85714286,1,NA,63973.6427,NA,0.1,0.16833,0.15,NA,0.274964812289744,0.00851020774651017,359
120053478,"NLA12_NV-104",7137,"NLA_NV-10036",2012,1,40.69658925,-118.2877882,"NV","7/12/2012","Y",NA,0.5,3.101538462,1,NA,1110.5155,NA,0.1,NA,0.15,"ND",0.367452239697253,0.0275865044817758,148
120053557,"NLA12_SD-183",6963,"NLA_SD-10157",2012,1,43.44309912,-99.25760578,"SD","7/5/2012","Y",NA,0.5,4.672,1,NA,0,NA,0.1,0.10426,0.15,"L",0.0465555372843835,0.000673546546359715,768
120053896,"NLA12_LA-104",6718,"NLA_LA-10023",2012,1,32.33548183,-93.42201588,"LA","6/20/2012","Y",NA,0.5,16.16,1,NA,872.472,NA,0.1,0.14519,0.15,"L",0.0186928669221663,0.00266280155586414,78
120054083,"NLA12_CA-206",8076,"NLA_CA-10140",2012,1,40.76439588,-122.2541896,"CA","8/20/2012","Y",NA,4,1.6,5,"ND;X2",7214.698,NA,0.1,NA,0.15,"ND",0.00391800396015162,0.000777381738125321,56
166181880,"NLA12_NH-103",6858,"NLA_NH-10015",2012,1,43.53695021,-71.5109902,"NH","6/28/2012","Y",NA,0.5,1.74,1,NA,33.9945,NA,0.1,0.12133,0.15,"L",0.00224329952493909,0.000408615578313131,61
166756746,"NLA12_SC-118",7862,"NLA_SC-10024",2012,1,33.46313824,-80.3893452,"SC","8/13/2012","Y",NA,0.5,12.8,1,NA,75231.1652,NA,0.1,NA,0.15,"ND",0.15662085528615,0.000819318138136378,2124
166757640,"NLA12_FL-126",7909,"NLA_FL-10093",2012,1,28.02489816,-81.41000805,"FL","8/13/2012","Y",NA,0.5,11.30666667,1,NA,585821.2981,NA,0.1,1.03494,0.15,NA,0.120866461920419,0.0117803569123215,114
166757656,"NLA12_FL-101",6212,"NLA_FL-10074",2012,1,26.96218896,-80.86112023,"FL","5/14/2012","Y",NA,0.5,10.36,1,NA,2432.8993,NA,0.1,0.13929,0.15,"L",10.5757479805387,0.0079531851705499,14775
166766728,"NLA12_MI-177",1000186,"NLA_MI-10144",2012,1,44.86768546,-86.0181976,"MI","8/28/2012","Y",NA,0.5,1.670857143,1,NA,2722.9757,NA,0.1,0.42672,0.15,NA,0.00139278155366865,0.000644806274846599,24
166766862,"NLA12_NY-0101",6694,"NLA_NY-10014",2012,1,42.49915505,-77.1490251,"NY","6/20/2012","Y",NA,0.5,0.912727273,1,NA,16866.4765,NA,0.1,NA,0.15,"ND",0.00146500408421495,9.19651025872535e-05,177
166766898,"NLA12_NY-0102",6834,"NLA_NY-10004",2012,1,44.03842234,-74.36720503,"NY","6/27/2012","Y",NA,0.5,1.171428571,1,NA,126.2578,NA,0.1,NA,0.15,"ND",0.000687385295487291,0.000363695923538249,21
166899198,"NLA12_OH-105",8635,"NLA_OH-10009",2012,1,40.49553571,-83.89988027,"OH","9/18/2012","Y",NA,0.5,111.2,1,NA,916905.9186,NA,0.1,1.3513,0.15,NA,0.69352752607805,0.108533259167144,71
166899251,"NLA12_IN-115",8168,"NLA_IN-10008",2012,1,39.02600151,-86.47054783,"IN","8/22/2012","Y",NA,0.5,14.13,1,NA,516222.7289,NA,0.1,NA,0.15,"ND",0.12978502637474,0.0136043004585682,106
166997474,"NLA12_TN-104",8663,"NLA_TN-10025",2012,1,36.64153852,-81.93648268,"TN","9/21/2012","Y",NA,0.5,5.112,1,NA,54847.3603,NA,0.1,NA,0.15,"ND",0.000785410444431073,0.000300923541927614,29
167122195,"NLA12_MN-122",6548,"NLA_MN-10065",2012,1,44.99667926,-94.34099995,"MN","6/12/2012","Y",NA,0.5,3.424,1,NA,2776.2888,NA,0.1,NA,0.15,"ND",0.0633563058824824,0.0586632461874838,12
167122203,"NLA12_MN-119",7737,"NLA_MN-10082",2012,1,45.40861219,-96.62584248,"MN","8/7/2012","Y",NA,0.5,38.28,1,NA,72786.6179,NA,0.1,NA,0.15,"ND",1.01407633276004,0.0988378491968849,114
167157008,"NLA12_WI-168",1000059,"NLA_WI-10103",2012,1,42.50962706,-88.26962301,"WI","7/13/2012","Y",NA,0.26,3.2,0.87,NA,4992.1222,NA,0.1,0.179,0.15,NA,0.00179759697495339,0.00249666246521304,8
167166315,"NLA12_MO-106",8554,"NLA_MO-10032",2012,1,36.91927707,-90.31725137,"MO","9/13/2012","Y",NA,0.5,66.6,1,NA,162654.2418,NA,0.1,0.13273,0.15,"L",0.175975818167348,0.0575084373095908,34
167182317,"NLA12_MS-106",6415,"NLA_MS-10023",2012,1,34.46148002,-89.68450516,"MS","6/2/2012","Y",NA,0.5,25.76,1,NA,9296.2255,NA,0.1,0.14286,0.15,"L",0.357938447913394,0.00472900578561757,841
167204935,"NLA12_MT-109",6664,"NLA_MT-10013",2012,1,48.49534907,-107.5492524,"MT","6/19/2012","Y",NA,0.5,5.237333333,1,NA,82923.364,NA,0.1,0.1083,0.15,"L",0.082013388391091,0.0198099971959157,46
167204997,"NLA12_WY-102",7406,"NLA_MT-10055",2012,1,45.26371788,-108.0421145,"MT","7/24/2012","Y",NA,0.5,10.44,1,NA,989.6341,NA,0.1,NA,0.15,"ND",0.0512100991073199,0.00889064220613193,64
167300171,"NLA12_OK-105",7023,"NLA_OK-10090",2012,1,35.49939033,-97.67805883,"OK","7/9/2012","Y",NA,NA,33.9,0.1,NA,3900.8639,NA,0.1,0.14166,0.15,"L",0.252731221118197,0.0905846670674541,31
